test_acc,runtime,train_acc,system,representation
0.6666666666666666,50.27307200431824,0.631868131868132,Tilde,node_edge
