test_acc,runtime,train_acc,system,representation
0.5421686746987951,106.17404794692992,0.95,Popper,node_only
0.9156626506024096,100.69935011863708,1.0,Popper,node_edge
0.0,1.8879902362823489,0.0,Popper,edge_based
0.6506024096385542,91.56517910957336,1.0,Popper,Klog
