test_acc,runtime,train_acc,system,representation
0.8928571428571429,101.16256904602052,0.9666666666666668,Popper,node_only
1.0,70.13304615020752,1.0,Popper,node_edge
0.9047619047619048,100.36761999130248,0.9666666666666668,Popper,edge_based
0.7380952380952381,101.48441910743712,1.0,Popper,Klog
