test_acc,runtime,train_acc,system,representation
0.5,0.25321325,0.0,Aleph,node_only
0.9444444444444444,0.125760084,0.0,Aleph,node_edge
0.7222222222222222,0.2429935839999999,0.0,Aleph,edge_based
0.7777777777777778,0.212270042,0.0,Aleph,Klog
