test_acc,runtime,train_acc,system,representation
0.0,0.0796587467193603,0.0,Popper,node_only
0.9444444444444444,0.4182219505310058,1.0,Popper,node_edge
0.5555555555555556,0.0833110809326171,1.0,Popper,edge_based
0.7777777777777778,0.078362226486206,1.0,Popper,Klog
