{
    "Dataset": "Bongard",
    "Repetitions": 5,
    "Layers": [1,2,3,4,5],
    "Hidden Dimensions": [32,64,128],
    "GIN": {
        "Accuracy": 97.0423076923077,
        "std all": 0.824525444769881,
        "std complete": 3.4333134657895905
    },
    "GINWithJK": {
        "Accuracy": 97.24102564102566,
        "std all": 0.5251342147092046,
        "std complete": 3.9277029872536855
    }
}